blockchain,address,name,category,label_type,contributor,source
ethereum,0xdb29bb006ee1a3f9666829193420f3e0eec8506c,$neakyninjapants.eth,social,identifier,0xRob,query
ethereum,0xf7313873e0de36b8d02b3686232a814b67343020,$neakyninjapants.eth,social,identifier,0xRob,query
ethereum,0xc71634a0214a1a5601acc8526fc84e0bbe408dc8,$neakyninjapants.eth,social,identifier,0xRob,query
ethereum,0x185a2fefd134fdc0320d34e9c0dc5cc995001662,$neakyninjapants.eth,social,identifier,0xRob,query
ethereum,0xeca3e5ea75061f98c0bce7ec1c619e8688df7fa0,$neakyninjapants.eth,social,identifier,0xRob,query
ethereum,0x982461d904fc0ef2773b3cda2d7d1a7376ca458f,$neakyninjapants.eth,social,identifier,0xRob,query
ethereum,0x0ebf0cb6e8af4aa51693510d187879cb655d94a1,$neakyninjapants.eth,social,identifier,0xRob,query
ethereum,0x1b6e0ef8d845974578e6cd06deb3641c27401459,$neakyninjapants.eth,social,identifier,0xRob,query
ethereum,0x5e48e19bb60e1edec93653ee2c6e6537e7b63eb2,$neakyninjapants.eth,social,identifier,0xRob,query
ethereum,0x96ea81a5fa9ef475c5ba167fcb29b9f50fcc3d96,$neakyninjapants.eth,social,identifier,0xRob,query
ethereum,0x5f46cab3bca472a7389c658795471fe7bab1ab1b,$neakyninjapants.eth,social,identifier,0xRob,query
ethereum,0x21a7e444f97b58998a20463cc65ed44edb9f0f89,$neakyninjapants.eth,social,identifier,0xRob,query
ethereum,0xf61b910b888326bbf31efd46cd73d273e99794e7,$neakyninjapants.eth,social,identifier,0xRob,query
ethereum,0x67da9c8f1be7984898b4285717de2aade896e583,$neakyninjapants.eth,social,identifier,0xRob,query
ethereum,0x6c48930a7f215a004c657359bcc5964da640611c,$neakyninjapants.eth,social,identifier,0xRob,query
ethereum,0x18fa661d600cf543a357d2d59a4064edbbc9dbf4,$neakyninjapants.eth,social,identifier,0xRob,query
ethereum,0xcb9cebfa5b96444eb91021e44c8486def08094c7,$neakyninjapants.eth,social,identifier,0xRob,query
ethereum,0x0dfa971d29ef0d9540356a5b6d2f7cb9dc4fe3ba,$neakyninjapants.eth,social,identifier,0xRob,query
ethereum,0x0ee93373f1e556bef0e4b57ba89216cbcb6b6d8a,0xðŸ‡¯ðŸ‡µjapan.eth,social,identifier,0xRob,query
ethereum,0x6d634b52adedddc08c1834a60d67bec65f4a2e5d,15537394japan.eth,social,identifier,0xRob,query
